word,counter
allen,9
weisselberg,8
army,8
boeheim,8
ap,8
poll,6
aries,6
austin,6
out,6
year,6
bambam,6
business,5
artists,5
twitter,5
just,5
alvarado,5
days,5
you,5
that,5
last,5
month,5
some,4
up,4
then,4
jose,4
alyssa,4
19,4
new,4
no,4
their,4
team,4
into,3
ranked,3
week,3
what,3
when,3
jumps,3
11,3
win,3
big,3
after,3
day,3
even,3
know,3
back,3
voc,3
have,3
rice,3
twclid,3
om,3
youngjae,3
night,3
birthday,3
being,3
check,3
going,3
casey,3
#pbbkumucelebtoptwo,3
congratulations,3
anji,3
small,2
#probowlvote,2
pro,2
2022,2
almost,2
changes,2
fast,2
potify,2
open,2
much,2
watching,2
man,2
64,2
66,2
tyrese,2
syracuse,2
congrats,2
best,2
saw,2
got7,2
nothing,2
next,2
app,2
time,2
only,2
place,2
pol,2
kansas,2
let,2
#buckeyes,2
2021,2
fire,2
lose,2
or,2
weekly,2
buckeyes,2
rain,2
near,2
trending,2
aj,2
don,2
#ringthebell,2
#phillies,2
em,2
mets,2
hit,2
they,2
give,2
done,2
doing,2
instead,2
think,2
he,2
2.5,2
@tmobile,2
#getthanked,2
stuff,2
free,2
deals,2
awesome,2
#thankiversary,2
..#tmobiletuesdays,2
fraud,2
tax,2
handcuffs,2
court,2
cfo,2
trump,2
future,2
from,2
himself,2
not,2
did,2
jr,2
happy,2
welcome,2
23,2
tnt,2
florida,2
point,2
horse,2
dark,2
chorar,1
de,1
inv,1
ao,1
deserved,1
well,1
loveyouboth,1
again,1
gentle,1
fog,1
#home,1
#ohio,1
home,1
always,1
one,1
beach,1
sunny,1
warm,1
living,1
end,1
goal,1
although,1
#cawx,1
#meteorologicalspring,1
creek,1
wilder,1
willows,1
springing,1
spring,1
gone,1
find,1
..,1
twitte,1
forgot,1
chile,1
li,1
wonderful,1
off,1
shamed,1
2006,1
honor,1
supercard,1
evans,1
jack,1
sydal,1
matt,1
styles,1
#aewdynamite,1
itself,1
healing,1
nature,1
isn,1
sue,1
kris,1
if,1
8th,1
strikeout,1
huge,1
together,1
smith,1
dominic,1
philadelphia,1
south,1
action,1
got,1
wall,1
brick,1
through,1
run,1
ready,1
stan,1
brincante,1
oreo,1
com,1
deliciosas,1
receitas,1
confira,1
divertido,1
mais,1
ainda,1
fica,1
lia,1
fam,1
cozinhar,1
#modobrincante,1
ativa,1
quando,1
minute,1
15,1
twice,1
cleared,1
benches,1
phillies,1
foolishness,1
because,1
wants,1
@claypriley,1
party,1
graduation,1
avery,1
celebrating,1
290,1
missed,1
summer,1
babies,1
trying,1
mccullough,1
#hiphop,1
#spotify,1
21n980bo4y5di4qw70e6xnimrv,1
6jmaqhqrnxxshjw3xj0qrf,1
artist,1
spotify,1
musicsnake,1
follow,1
straight,1
cheer,1
conflict,1
tuesday,1
championship,1
#tbt2021,1
herd,1
wish,1
makes,1
tearing,1
kane,1
deandre,1
finals,1
tbt,1
advances,1
final,1
heading,1
layup,1
steal,1
#newmusic,1
#spotifyplaylist,1
24gu1tgbnpuxcniqpauihlkmze,1
7mf5zb5ihiqxowj6vtdo3w,1
songs,1
travel,1
train,1
playlist,1
purple,1
game,1
title,1
exciting,1
another,1
balling,1
here,1
dude,1
tickets,1
season,1
side,1
biased,1
naruto,1
friends,1
meme,1
as,1
pic,1
his,1
interact,1
using,1
goes,1
goodnight,1
way,1
lmao,1
dipping,1
chaos,1
causing,1
stunt,1
album,1
processing,1
still,1
woke,1
ahgases,1
obsessed,1
pronounce,1
struggling,1
#moebun,1
#spookymonth,1
#halloween2021,1
#envtuber,1
#vtuber,1
halloween,1
wow,1
pico,1
#break,1
#kitkatnothetown,1
#letsrockthebreak,1
gente,1
pra,1
conta,1
casa,1
town,1
assistindo,1
quem,1
everyone,1
october,1
#newprofilepic,1
valu,1
provide,1
areas,1
owners,1
tattoo,1
advice,1
financial,1
good,1
without,1
people,1
lot,1
left,1
fees,1
aum,1
assets,1
likely,1
professions,1
collar,1
white,1
earning,1
high,1
typical,1
focus,1
industry,1
shows,1
#news,1
#world,1
citizens,1
world,1
english,1
translated,1
news,1
local,1
yet,1
distributed,1
evenly,1
arrived,1
sfw,1
writers,1
designers,1
comment,1
tweet,1
pinned,1
agency,1
own,1
minding,1
rbw,1
minji,1
case29,1
@show,1
bowl,1
hayward,1
send,1
rt,1
desantis,1
ron,1
couple,1
beautiful,1
such,1
heyward,1
carlson,1
daniel,1
ngakoue,1
yannick,1
perryman,1
denzel,1
cole,1
carr,1
derek,1
renfrow,1
hunter,1
crosby,1
maxx,1
#madewithunity,1
#horrorgames,1
#indiegame,1
3v7z75m4ukocau157f0k57dmq,1
ads,1
source,1
utm,1
2068190,1
teampowered,1
store,1
steam,1
wishlist,1
duality,1
floor,1
teaser,1
brillian,1
mccoist,1
ally,1
him,1
teach,1
ll,1
yeah,1
commentary,1
loved,1
ago,1
years,1
ping,1
her,1
luna,1
unit,1
hyped,1
#alyssa,1
#alyssavaldez,1
#artph,1
#pbbkumunityseason10,1
top,1
part,1
valdez,1
bias,1
pbb,1
drawing,1
1st,1
economizar,1
poder,1
tost,1
nenhum,1
sem,1
est,1
bom,1
lado,1
pelo,1
pensem,1
brasil,1
vem,1
beyonce,1
pq,1
need,1
anything,1
hours,1
pool,1
sit,1
upset,1
love,1
says,1
eye,1
looks,1
nec,1
snuggles,1
la,1
ground,1
hits,1
before,1
dow,1
water,1
bottle,1
throws,1
old,1
clever,1
precious,1
kids,1
agains,1
trade,1
level,1
277,1
base,1
psa,1
begi,1
walks,1
perp,1
charged,1
escorted,1
organization,1
message,1
kill,1
#trumpcrimefamilyforprison,1
org,1
down,1
take,1
finally,1
like,1
looking,1
donald,1
maybe,1
ivanka,1
eric,1
indicted,1
been,1
now,1
thursday,1
comrades,1
union,1
soviet,1
job,1
nasty,1
political,1
harassment,1
prosecutorial,1
bullshit,1
petty,1
unbelievably,1
indictment,1
weisselber,1
heard,1
never,1
guy,1
former,1
does,1
wrong,1
boy,1
coffee,1
#tbt,1
karma,1
@bet,1
#gamblingtwitter,1
winners,1
outright,1
dogs,1
4.5,1
3.5,1
quarter,1
fourth,1
24,1
22,1
score,1
rabie,1
rat,1
bubonic,1
cornered,1
than,1
dangerous,1
more,1
there,1
vigilant,1
super,1
creatio,1
streaming,1
live,1
chatting,1
video,1
ai,1
generative,1
real,1
countin,1
#hailwv,1
appearances,1
most,1
39th,1
unlv,1
tie,1
us,1
moving,1
257th,1
our,1
#4,1
stays,1
hoops,1
michigan,1
illini,1
number,1
asks,1
someone,1
#12,1
illinois,1
drake,1
16,1
ahead,1
glad,1
sens,1
make,1
won,1
unc,1
lost,1
straigh,1
latest,1
basketball,1
tennessee,1
#newblood,1
#gobuckeyes,1
re,1
add,1
07,1
wallpaper,1
hd,1
tab,1
samsung,1
die,1
till,1
buckeye,1
2012,1
honors,1
four,1
awarding,1
began,1
ten,1
since,1
awards,1
sweep,1
first,1
#nature,1
#beautifulalshaa,1
vibe,1
artistic,1
fresh,1
exudes,1
everywhere,1
senses,1
refreshes,1
sky,1
blue,1
clear,1
league,1
#alshaa,1
bayankhot,1
over,1
brushes,1
breeze,1
